strike,maturity_years,call_price,put_price,moneyness
132.61,0.05,57.1661,0.0,1.429
132.61,0.117,57.6106,0.0005,1.429
132.61,0.184,58.0616,0.009,1.429
132.61,0.252,58.5331,0.0395,1.429
132.61,0.319,59.0317,0.0985,1.429
132.61,0.386,59.5564,0.1851,1.429
132.61,0.453,60.1031,0.2952,1.429
132.61,0.521,60.6673,0.4243,1.429
132.61,0.588,61.2447,0.568,1.429
132.61,0.655,61.8317,0.7228,1.429
132.61,0.722,62.4253,0.8857,1.429
132.61,0.79,63.0233,1.0543,1.429
132.61,0.857,63.6237,1.2269,1.429
132.61,0.924,64.2251,1.4018,1.429
132.61,0.991,64.8263,1.578,1.429
132.61,1.059,65.4264,1.7545,1.429
132.61,1.126,66.0246,1.9305,1.429
132.61,1.193,66.6204,2.1056,1.429
132.61,1.26,67.2133,2.2791,1.429
132.61,1.328,67.803,2.4509,1.429
132.61,1.395,68.3892,2.6205,1.429
132.61,1.462,68.9716,2.7879,1.429
132.61,1.529,69.5502,2.9527,1.429
132.61,1.597,70.1247,3.1149,1.429
132.61,1.664,70.6952,3.2744,1.429
132.61,1.731,71.2615,3.4311,1.429
132.61,1.798,71.8236,3.585,1.429
132.61,1.866,72.3815,3.7361,1.429
132.61,1.933,72.9352,3.8843,1.429
132.61,2.0,73.4846,4.0297,1.429
136.53,0.05,53.2563,0.0,1.388
136.53,0.117,53.7149,0.0015,1.388
136.53,0.184,54.1891,0.0202,1.388
136.53,0.252,54.697,0.074,1.388
136.53,0.319,55.2415,0.1659,1.388
136.53,0.386,55.8171,0.2905,1.388
136.53,0.453,56.4167,0.4406,1.388
136.53,0.521,57.0337,0.6096,1.388
136.53,0.588,57.6627,0.7921,1.388
136.53,0.655,58.2996,0.984,1.388
136.53,0.722,58.9412,1.1821,1.388
136.53,0.79,59.585,1.3839,1.388
136.53,0.857,60.2292,1.5876,1.388
136.53,0.924,60.8724,1.7918,1.388
136.53,0.991,61.5136,1.9953,1.388
136.53,1.059,62.1518,2.1975,1.388
136.53,1.126,62.7865,2.3976,1.388
136.53,1.193,63.4173,2.5951,1.388
136.53,1.26,64.0437,2.7899,1.388
136.53,1.328,64.6656,2.9814,1.388
136.53,1.395,65.2827,3.1697,1.388
136.53,1.462,65.8949,3.3545,1.388
136.53,1.529,66.5022,3.5358,1.388
136.53,1.597,67.1044,3.7135,1.388
136.53,1.664,67.7016,3.8876,1.388
136.53,1.731,68.2938,4.0581,1.388
136.53,1.798,68.881,4.225,1.388
136.53,1.866,69.4631,4.3883,1.388
136.53,1.933,70.0404,4.5481,1.388
136.53,2.0,70.6127,4.7044,1.388
140.45,0.05,49.3464,0.0,1.349
140.45,0.117,49.8212,0.0046,1.349
140.45,0.184,50.3275,0.0422,1.349
140.45,0.252,50.8842,0.1318,1.349
140.45,0.319,51.4864,0.2685,1.349
140.45,0.386,52.123,0.4411,1.349
140.45,0.453,52.7833,0.639,1.349
140.45,0.521,53.4592,0.8541,1.349
140.45,0.588,54.1446,1.0801,1.349
140.45,0.655,54.8349,1.3127,1.349
140.45,0.722,55.5271,1.5486,1.349
140.45,0.79,56.2188,1.7856,1.349
140.45,0.857,56.9082,2.0219,1.349
140.45,0.924,57.5943,2.2563,1.349
140.45,0.991,58.276,2.4878,1.349
140.45,1.059,58.9528,2.716,1.349
140.45,1.126,59.6242,2.9403,1.349
140.45,1.193,60.2899,3.1604,1.349
140.45,1.26,60.9497,3.376,1.349
140.45,1.328,61.6034,3.5872,1.349
140.45,1.395,62.2511,3.7937,1.349
140.45,1.462,62.8927,3.9956,1.349
140.45,1.529,63.5282,4.1929,1.349
140.45,1.597,64.1575,4.3856,1.349
140.45,1.664,64.7809,4.5737,1.349
140.45,1.731,65.3984,4.7574,1.349
140.45,1.798,66.01,4.9366,1.349
140.45,1.866,66.6158,5.1115,1.349
140.45,1.933,67.2159,5.2822,1.349
140.45,2.0,67.8105,5.4488,1.349
144.37,0.05,45.4365,0.0,1.312
144.37,0.117,45.9321,0.0122,1.312
144.37,0.184,46.4848,0.0831,1.312
144.37,0.252,47.1059,0.2242,1.312
144.37,0.319,47.7792,0.4189,1.312
144.37,0.386,48.4867,0.6495,1.312
144.37,0.453,49.2153,0.9028,1.312
144.37,0.521,49.9555,1.1693,1.312
144.37,0.588,50.701,1.4427,1.312
144.37,0.655,51.4476,1.7187,1.312
144.37,0.722,52.1922,1.9944,1.312
144.37,0.79,52.9329,2.2677,1.312
144.37,0.857,53.6683,2.5373,1.312
144.37,0.924,54.3975,2.8022,1.312
144.37,0.991,55.1199,3.0619,1.312
144.37,1.059,55.8351,3.3159,1.312
144.37,1.126,56.5428,3.564,1.312
144.37,1.193,57.243,3.8062,1.312
144.37,1.26,57.9356,4.0423,1.312
144.37,1.328,58.6207,4.2724,1.312
144.37,1.395,59.2983,4.4965,1.312
144.37,1.462,59.9685,4.7147,1.312
144.37,1.529,60.6314,4.9272,1.312
144.37,1.597,61.2872,5.1341,1.312
144.37,1.664,61.9359,5.3355,1.312
144.37,1.731,62.5778,5.5315,1.312
144.37,1.798,63.2131,5.7223,1.312
144.37,1.866,63.8417,5.908,1.312
144.37,1.933,64.4639,6.0888,1.312
144.37,2.0,65.0799,6.2649,1.312
148.29,0.05,41.5268,0.0002,1.278
148.29,0.117,42.0529,0.0297,1.278
148.29,0.184,42.6724,0.1545,1.278
148.29,0.252,43.3765,0.3654,1.278
148.29,0.319,44.1344,0.6317,1.278
148.29,0.386,44.9224,0.9299,1.278
148.29,0.453,45.7256,1.2448,1.278
148.29,0.521,46.5344,1.5671,1.278
148.29,0.588,47.3429,1.8906,1.278
148.29,0.655,48.1473,2.2117,1.278
148.29,0.722,48.9453,2.528,1.278
148.29,0.79,49.7354,2.8381,1.278
148.29,0.857,50.5167,3.1409,1.278
148.29,0.924,51.2888,3.4361,1.278
148.29,0.991,52.0513,3.7233,1.278
148.29,1.059,52.8041,4.0026,1.278
148.29,1.126,53.5474,4.2738,1.278
148.29,1.193,54.2813,4.5371,1.278
148.29,1.26,55.0058,4.7927,1.278
148.29,1.328,55.7211,5.0407,1.278
148.29,1.395,56.4276,5.2814,1.278
148.29,1.462,57.1254,5.515,1.278
148.29,1.529,57.8148,5.7417,1.278
148.29,1.597,58.4959,5.9618,1.278
148.29,1.664,59.1691,6.1754,1.278
148.29,1.731,59.8344,6.3828,1.278
148.29,1.798,60.4923,6.5841,1.278
148.29,1.866,61.1428,6.7797,1.278
148.29,1.933,61.7862,6.9697,1.278
148.29,2.0,62.4226,7.1542,1.278
152.21,0.05,37.6176,0.0009,1.245
152.21,0.117,38.1931,0.0667,1.245
152.21,0.184,38.9064,0.2721,1.245
152.21,0.252,39.7133,0.5728,1.245
152.21,0.319,40.5686,0.9236,1.245
152.21,0.386,41.445,1.2972,1.245
152.21,0.453,42.3276,1.6787,1.245
152.21,0.521,43.2078,2.0594,1.245
152.21,0.588,44.0806,2.4345,1.245
152.21,0.655,44.9434,2.8012,1.245
152.21,0.722,45.7946,3.158,1.245
152.21,0.79,46.6336,3.5042,1.245
152.21,0.857,47.4601,3.8395,1.245
152.21,0.924,48.2739,4.1639,1.245
152.21,0.991,49.0754,4.4776,1.245
152.21,1.059,49.8648,4.7808,1.245
152.21,1.126,50.6424,5.0738,1.245
152.21,1.193,51.4085,5.357,1.245
152.21,1.26,52.1636,5.6308,1.245
152.21,1.328,52.908,5.8955,1.245
152.21,1.395,53.6421,6.1515,1.245
152.21,1.462,54.3662,6.3992,1.245
152.21,1.529,55.0808,6.6388,1.245
152.21,1.597,55.786,6.8708,1.245
152.21,1.664,56.4824,7.0954,1.245
152.21,1.731,57.17,7.313,1.245
152.21,1.798,57.8494,7.5238,1.245
152.21,1.866,58.5206,7.7281,1.245
152.21,1.933,59.184,7.9261,1.245
152.21,2.0,59.8399,8.1181,1.245
156.13,0.05,33.7107,0.0038,1.213
156.13,0.117,34.3683,0.1387,1.213
156.13,0.184,35.2073,0.4566,1.213
156.13,0.252,36.1362,0.8663,1.213
156.13,0.319,37.0995,1.3121,1.213
156.13,0.386,38.0701,1.767,1.213
156.13,0.453,39.0348,2.2177,1.213
156.13,0.521,39.9873,2.6578,1.213
156.13,0.588,40.9243,3.0843,1.213
156.13,0.655,41.8447,3.4957,1.213
156.13,0.722,42.748,3.8919,1.213
156.13,0.79,43.6344,4.2728,1.213
156.13,0.857,44.5043,4.639,1.213
156.13,0.924,45.3583,4.991,1.213
156.13,0.991,46.1971,5.3294,1.213
156.13,1.059,47.0212,5.6548,1.213
156.13,1.126,47.8314,5.9679,1.213
156.13,1.193,48.6281,6.2693,1.213
156.13,1.26,49.4122,6.5596,1.213
156.13,1.328,50.184,6.8394,1.213
156.13,1.395,50.9441,7.1092,1.213
156.13,1.462,51.6931,7.3694,1.213
156.13,1.529,52.4313,7.6205,1.213
156.13,1.597,53.1593,7.863,1.213
156.13,1.664,53.8774,8.0973,1.213
156.13,1.731,54.5861,8.3237,1.213
156.13,1.798,55.2856,8.5426,1.213
156.13,1.866,55.9763,8.7544,1.213
156.13,1.933,56.6585,8.9592,1.213
156.13,2.0,57.3326,9.1575,1.213
160.05,0.05,29.8111,0.0141,1.184
160.05,0.117,30.6015,0.2686,1.184
160.05,0.184,31.5997,0.7327,1.184
160.05,0.252,32.6669,1.2677,1.184
160.05,0.319,33.7455,1.8158,1.184
160.05,0.386,34.8129,2.3544,1.184
160.05,0.453,35.86,2.8746,1.184
160.05,0.521,36.8837,3.3731,1.184
160.05,0.588,37.8832,3.8493,1.184
160.05,0.655,38.859,4.3034,1.184
160.05,0.722,39.8121,4.7366,1.184
160.05,0.79,40.7435,5.1499,1.184
160.05,0.857,41.6546,5.5446,1.184
160.05,0.924,42.5465,5.9218,1.184
160.05,0.991,43.4203,6.2826,1.184
160.05,1.059,44.277,6.6281,1.184
160.05,1.126,45.1176,6.9592,1.184
160.05,1.193,45.943,7.2768,1.184
160.05,1.26,46.754,7.5817,1.184
160.05,1.328,47.5513,7.8747,1.184
160.05,1.395,48.3357,8.1563,1.184
160.05,1.462,49.1078,8.4274,1.184
160.05,1.529,49.8681,8.6884,1.184
160.05,1.597,50.6172,8.9398,1.184
160.05,1.664,51.3555,9.1822,1.184
160.05,1.731,52.0836,9.416,1.184
160.05,1.798,52.8019,9.6416,1.184
160.05,1.866,53.5107,9.8594,1.184
160.05,1.933,54.2105,10.0698,1.184
160.05,2.0,54.9015,10.2731,1.184
163.97,0.05,25.9321,0.045,1.155
163.97,0.117,26.924,0.4878,1.155
163.97,0.184,28.1118,1.1285,1.155
163.97,0.252,29.328,1.7994,1.155
163.97,0.319,30.5246,2.4525,1.155
163.97,0.386,31.6879,3.0741,1.155
163.97,0.453,32.815,3.6614,1.155
163.97,0.521,33.9068,4.2152,1.155
163.97,0.588,34.9655,4.7377,1.155
163.97,0.655,35.9934,5.2312,1.155
163.97,0.722,36.9929,5.698,1.155
163.97,0.79,37.9662,6.1406,1.155
163.97,0.857,38.9154,6.5607,1.155
163.97,0.924,39.8422,6.9602,1.155
163.97,0.991,40.7482,7.3407,1.155
163.97,1.059,41.6349,7.7036,1.155
163.97,1.126,42.5035,8.0502,1.155
163.97,1.193,43.3551,8.3816,1.155
163.97,1.26,44.1909,8.6989,1.155
163.97,1.328,45.0117,9.0029,1.155
163.97,1.395,45.8183,9.2945,1.155
163.97,1.462,46.6115,9.5745,1.155
163.97,1.529,47.392,9.8434,1.155
163.97,1.597,48.1605,10.1021,1.155
163.97,1.664,48.9175,10.3509,1.155
163.97,1.731,49.6635,10.5904,1.155
163.97,1.798,50.399,10.8212,1.155
163.97,1.866,51.1244,11.0437,1.155
163.97,1.933,51.8403,11.2582,1.155
163.97,2.0,52.5469,11.4651,1.155
167.89,0.05,22.1019,0.1245,1.128
167.89,0.117,23.3744,0.835,1.128
167.89,0.184,24.7733,1.6736,1.128
167.89,0.252,26.1417,2.4838,1.128
167.89,0.319,27.4537,3.2392,1.128
167.89,0.386,28.7083,3.9393,1.128
167.89,0.453,29.9104,4.5886,1.128
167.89,0.521,31.0653,5.1926,1.128
167.89,0.588,32.1782,5.7565,1.128
167.89,0.655,33.2536,6.2847,1.128
167.89,0.722,34.2953,6.7811,1.128
167.89,0.79,35.3066,7.2488,1.128
167.89,0.857,36.2902,7.6907,1.128
167.89,0.924,37.2485,8.1091,1.128
167.89,0.991,38.1835,8.5061,1.128
167.89,1.059,39.0972,8.8835,1.128
167.89,1.126,39.991,9.2428,1.128
167.89,1.193,40.8663,9.5854,1.128
167.89,1.26,41.7243,9.9126,1.128
167.89,1.328,42.5662,10.2254,1.128
167.89,1.395,43.3928,10.5247,1.128
167.89,1.462,44.2052,10.8115,1.128
167.89,1.529,45.004,11.0865,1.128
167.89,1.597,45.7899,11.3504,1.128
167.89,1.664,46.5637,11.6039,1.128
167.89,1.731,47.3259,11.8475,1.128
167.89,1.798,48.077,12.0819,1.128
167.89,1.866,48.8176,12.3074,1.128
167.89,1.933,49.5481,12.5245,1.128
167.89,2.0,50.2689,12.7337,1.128
171.81,0.05,18.3708,0.3034,1.103
171.81,0.117,19.9971,1.3544,1.103
171.81,0.184,21.6139,2.398,1.103
171.81,0.252,23.1289,3.3415,1.103
171.81,0.319,24.548,4.1912,1.103
171.81,0.386,25.8857,4.9614,1.103
171.81,0.453,27.155,5.665,1.103
171.81,0.521,28.3661,6.3124,1.103
171.81,0.588,29.5271,6.9115,1.103
171.81,0.655,30.6444,7.4688,1.103
171.81,0.722,31.7232,7.9895,1.103
171.81,0.79,32.7677,8.4778,1.103
171.81,0.857,33.7815,8.9373,1.103
171.81,0.924,34.7674,9.3707,1.103
171.81,0.991,35.728,9.7807,1.103
171.81,1.059,36.6653,10.1692,1.103
171.81,1.126,37.5813,10.5382,1.103
171.81,1.193,38.4774,10.8892,1.103
171.81,1.26,39.355,11.2236,1.103
171.81,1.328,40.2155,11.5426,1.103
171.81,1.395,41.0599,11.8474,1.103
171.81,1.462,41.8891,12.1388,1.103
171.81,1.529,42.7041,12.4177,1.103
171.81,1.597,43.5056,12.685,1.103
171.81,1.664,44.2943,12.9413,1.103
171.81,1.731,45.0709,13.1873,1.103
171.81,1.798,45.836,13.4235,1.103
171.81,1.866,46.5901,13.6505,1.103
171.81,1.933,47.3337,13.8687,1.103
171.81,2.0,48.0672,14.0787,1.103
175.73,0.05,14.8155,0.6579,1.078
175.73,0.117,16.8374,2.0915,1.078
175.73,0.184,18.6611,3.3288,1.078
175.73,0.252,20.3074,4.3907,1.078
175.73,0.319,21.8201,5.3209,1.078
175.73,0.386,23.2293,6.1497,1.078
175.73,0.453,24.5559,6.8977,1.078
175.73,0.521,25.8146,7.5798,1.078
175.73,0.588,27.0162,8.2067,1.078
175.73,0.655,28.1689,8.7867,1.078
175.73,0.722,29.279,9.326,1.078
175.73,0.79,30.3517,9.8298,1.078
175.73,0.857,31.391,10.3021,1.078
175.73,0.924,32.4004,10.7464,1.078
175.73,0.991,33.3826,11.1654,1.078
175.73,1.059,34.3401,11.5616,1.078
175.73,1.126,35.275,11.937,1.078
175.73,1.193,36.1889,12.2934,1.078
175.73,1.26,37.0834,12.6322,1.078
175.73,1.328,37.9599,12.9549,1.078
175.73,1.395,38.8195,13.2626,1.078
175.73,1.462,39.6634,13.5564,1.078
175.73,1.529,40.4924,13.8371,1.078
175.73,1.597,41.3074,14.1057,1.078
175.73,1.664,42.1092,14.3629,1.078
175.73,1.731,42.8984,14.6094,1.078
175.73,1.798,43.6757,14.8457,1.078
175.73,1.866,44.4416,15.0726,1.078
175.73,1.933,45.1967,15.2904,1.078
175.73,2.0,45.9415,15.4996,1.078
179.65,0.05,11.5321,1.2844,1.055
179.65,0.117,13.9377,3.0885,1.055
179.65,0.184,15.9377,4.4891,1.055
179.65,0.252,17.6917,5.6456,1.055
179.65,0.319,19.2796,6.6381,1.055
179.65,0.386,20.7459,7.5109,1.055
179.65,0.453,22.1181,8.2916,1.055
179.65,0.521,23.4146,8.9987,1.055
179.65,0.588,24.6485,9.6451,1.055
179.65,0.655,25.8293,10.2404,1.055
179.65,0.722,26.9645,10.7921,1.055
179.65,0.79,28.0598,11.3057,1.055
179.65,0.857,29.1197,11.786,1.055
179.65,0.924,30.148,12.2366,1.055
179.65,0.991,31.1478,12.6607,1.055
179.65,1.059,32.1218,13.0609,1.055
179.65,1.126,33.0721,13.4393,1.055
179.65,1.193,34.0007,13.7979,1.055
179.65,1.26,34.9092,14.1383,1.055
179.65,1.328,35.799,14.4619,1.055
179.65,1.395,36.6714,14.7701,1.055
179.65,1.462,37.5275,15.0638,1.055
179.65,1.529,38.3684,15.3442,1.055
179.65,1.597,39.1948,15.612,1.055
179.65,1.664,40.0076,15.8682,1.055
179.65,1.731,40.8076,16.1133,1.055
179.65,1.798,41.5954,16.348,1.055
179.65,1.866,42.3715,16.573,1.055
179.65,1.933,43.1365,16.7888,1.055
179.65,2.0,43.891,16.9958,1.055
183.57,0.05,8.6209,2.283,1.032
183.57,0.117,11.3322,4.3797,1.032
183.57,0.184,13.461,5.896,1.032
183.57,0.252,15.2918,7.1163,1.032
183.57,0.319,16.933,8.1491,1.032
183.57,0.386,18.4396,9.0494,1.032
183.57,0.453,19.8442,9.8496,1.032
183.57,0.521,21.1678,10.5709,1.032
183.57,0.588,22.4251,11.2278,1.032
183.57,0.655,23.6265,11.8309,1.032
183.57,0.722,24.7801,12.3882,1.032
183.57,0.79,25.892,12.9059,1.032
183.57,0.857,26.9674,13.3889,1.032
183.57,0.924,28.01,13.8413,1.032
183.57,0.991,29.0233,14.2663,1.032
183.57,1.059,30.0099,14.6666,1.032
183.57,1.126,30.9723,15.0445,1.032
183.57,1.193,31.9124,15.4022,1.032
183.57,1.26,32.8318,15.7412,1.032
183.57,1.328,33.7322,16.0631,1.032
183.57,1.395,34.6148,16.3691,1.032
183.57,1.462,35.4808,16.6605,1.032
183.57,1.529,36.3313,16.9382,1.032
183.57,1.597,37.167,17.2032,1.032
183.57,1.664,37.989,17.4563,1.032
183.57,1.731,38.7978,17.6982,1.032
183.57,1.798,39.5943,17.9296,1.032
183.57,1.866,40.3789,18.151,1.032
183.57,1.933,41.1523,18.3632,1.032
183.57,2.0,41.915,18.5665,1.032
187.49,0.05,6.1623,3.7343,1.01
187.49,0.117,9.0433,5.9876,1.01
187.49,0.184,11.2408,7.5595,1.01
187.49,0.252,13.1127,8.8079,1.01
187.49,0.319,14.783,9.8567,1.01
187.49,0.386,16.3121,10.7666,1.01
187.49,0.453,17.7352,11.5724,1.01
187.49,0.521,19.0747,12.2966,1.01
187.49,0.588,20.3459,12.9547,1.01
187.49,0.655,21.5599,13.5577,1.01
187.49,0.722,22.7251,14.1138,1.01
187.49,0.79,23.8479,14.6297,1.01
187.49,0.857,24.9333,15.1102,1.01
187.49,0.924,25.9856,15.5596,1.01
187.49,0.991,27.0081,15.9811,1.01
187.49,1.059,28.0036,16.3778,1.01
187.49,1.126,28.9744,16.7518,1.01
187.49,1.193,29.9227,17.1052,1.01
187.49,1.26,30.8502,17.4399,1.01
187.49,1.328,31.7585,17.7572,1.01
187.49,1.395,32.6487,18.0586,1.01
187.49,1.462,33.5223,18.3452,1.01
187.49,1.529,34.3801,18.6181,1.01
187.49,1.597,35.2231,18.8781,1.01
187.49,1.664,36.0521,19.1262,1.01
187.49,1.731,36.868,19.363,1.01
187.49,1.798,37.6714,19.5893,1.01
187.49,1.866,38.4629,19.8056,1.01
187.49,1.933,39.243,20.0125,1.01
187.49,2.0,40.0124,20.2105,1.01
191.41,0.05,4.197,5.6789,0.99
191.41,0.117,7.0795,7.9206,0.99
191.41,0.184,9.2798,9.4822,0.99
191.41,0.252,11.1552,10.721,0.99
191.41,0.319,12.8292,11.7606,0.99
191.41,0.386,14.3625,12.6616,0.99
191.41,0.453,15.7899,13.4588,0.99
191.41,0.521,17.1338,14.1747,0.99
191.41,0.588,18.4095,14.8245,0.99
191.41,0.655,19.6282,15.4193,0.99
191.41,0.722,20.7982,15.9675,0.99
191.41,0.79,21.9257,16.4754,0.99
191.41,0.857,23.0161,16.9482,0.99
191.41,0.924,24.0733,17.3899,0.99
191.41,0.991,25.1007,17.8039,0.99
191.41,1.059,26.1012,18.193,0.99
191.41,1.126,27.0771,18.5595,0.99
191.41,1.193,28.0305,18.9056,0.99
191.41,1.26,28.9631,19.233,0.99
191.41,1.328,29.8764,19.5431,0.99
191.41,1.395,30.7718,19.8373,0.99
191.41,1.462,31.6504,20.1168,0.99
191.41,1.529,32.5134,20.3825,0.99
191.41,1.597,33.3615,20.6355,0.99
191.41,1.664,34.1958,20.8766,0.99
191.41,1.731,35.0168,21.1065,0.99
191.41,1.798,35.8254,21.3259,0.99
191.41,1.866,36.622,21.5353,0.99
191.41,1.933,37.4074,21.7355,0.99
191.41,2.0,38.182,21.9267,0.99
195.33,0.05,2.7165,8.1083,0.97
195.33,0.117,5.4349,10.1727,0.97
195.33,0.184,7.5732,11.6593,0.97
195.33,0.252,9.415,12.8514,0.97
195.33,0.319,11.0681,13.8571,0.97
195.33,0.386,12.5874,14.7312,0.97
195.33,0.453,14.0051,15.5059,0.97
195.33,0.521,15.3423,16.2021,0.97
195.33,0.588,16.6134,16.8344,0.97
195.33,0.655,17.8289,17.4133,0.97
195.33,0.722,18.9969,17.9468,0.97
195.33,0.79,20.1234,18.441,0.97
195.33,0.857,21.2135,18.9008,0.97
195.33,0.924,22.271,19.3302,0.97
195.33,0.991,23.2992,19.7325,0.97
195.33,1.059,24.3009,20.1103,0.97
195.33,1.126,25.2784,20.466,0.97
195.33,1.193,26.2337,20.8016,0.97
195.33,1.26,27.1685,21.1187,0.97
195.33,1.328,28.0843,21.4189,0.97
195.33,1.395,28.9823,21.7034,0.97
195.33,1.462,29.8637,21.9734,0.97
195.33,1.529,30.7297,22.2299,0.97
195.33,1.597,31.581,22.4739,0.97
195.33,1.664,32.4184,22.7061,0.97
195.33,1.731,33.2429,22.9272,0.97
195.33,1.798,34.0549,23.138,0.97
195.33,1.866,34.8551,23.339,0.97
195.33,1.933,35.6441,23.5308,0.97
195.33,2.0,36.4224,23.7139,0.97
199.25,0.05,1.668,10.9696,0.951
199.25,0.117,4.0909,12.7255,0.951
199.25,0.184,6.1099,14.0796,0.951
199.25,0.252,7.8842,15.1912,0.951
199.25,0.319,9.4933,16.1399,0.951
199.25,0.386,10.9816,16.97,0.951
199.25,0.453,12.3764,17.7089,0.951
199.25,0.521,13.6962,18.3749,0.951
199.25,0.588,14.9537,18.9809,0.951
199.25,0.655,16.1586,19.5364,0.951
199.25,0.722,17.3181,20.0487,0.951
199.25,0.79,18.438,20.5235,0.951
199.25,0.857,19.5227,20.9654,0.951
199.25,0.924,20.5761,21.378,0.951
199.25,0.991,21.6011,21.7645,0.951
199.25,1.059,22.6004,22.1274,0.951
199.25,1.126,23.5762,22.4689,0.951
199.25,1.193,24.5304,22.7909,0.951
199.25,1.26,25.4646,23.095,0.951
199.25,1.328,26.3801,23.3827,0.951
199.25,1.395,27.2784,23.6551,0.951
199.25,1.462,28.1604,23.9134,0.951
199.25,1.529,29.0272,24.1586,0.951
199.25,1.597,29.8796,24.3915,0.951
199.25,1.664,30.7185,24.6129,0.951
199.25,1.731,31.5445,24.8235,0.951
199.25,1.798,32.3583,25.024,0.951
199.25,1.866,33.1606,25.215,0.951
199.25,1.933,33.9517,25.397,0.951
199.25,2.0,34.7323,25.5704,0.951
203.17,0.05,0.9707,14.1822,0.932
203.17,0.117,3.0192,15.5505,0.932
203.17,0.184,4.8735,16.7269,0.932
203.17,0.252,6.5513,17.729,0.932
203.17,0.319,8.096,18.6003,0.932
203.17,0.386,9.5379,19.3711,0.932
203.17,0.453,10.8978,20.062,0.932
203.17,0.521,12.1902,20.6878,0.932
203.17,0.588,13.4259,21.2592,0.932
203.17,0.655,14.6132,21.7843,0.932
203.17,0.722,15.7582,22.2693,0.932
203.17,0.79,16.866,22.7194,0.932
203.17,0.857,17.9407,23.1386,0.932
203.17,0.924,18.9856,23.5302,0.932
203.17,0.991,20.0037,23.8971,0.932
203.17,1.059,20.9971,24.2416,0.932
203.17,1.126,21.968,24.5658,0.932
203.17,1.193,22.9181,24.8713,0.932
203.17,1.26,23.849,25.1597,0.932
203.17,1.328,24.7619,25.4323,0.932
203.17,1.395,25.658,25.6903,0.932
203.17,1.462,26.5384,25.9347,0.932
203.17,1.529,27.404,26.1665,0.932
203.17,1.597,28.2556,26.3864,0.932
203.17,1.664,29.0941,26.5952,0.932
203.17,1.731,29.92,26.7937,0.932
203.17,1.798,30.734,26.9823,0.932
203.17,1.866,31.5367,27.1617,0.932
203.17,1.933,32.3285,27.3324,0.932
203.17,2.0,33.11,27.4948,0.932
207.09,0.05,0.5354,17.6567,0.915
207.09,0.117,2.185,18.6131,0.915
207.09,0.184,3.8438,19.5808,0.915
207.09,0.252,5.4024,20.4507,0.915
207.09,0.319,6.8656,21.2276,0.915
207.09,0.386,8.2479,21.9258,0.915
207.09,0.453,9.5621,22.5581,0.915
207.09,0.521,10.8183,23.1349,0.915
207.09,0.588,12.0248,23.6641,0.915
207.09,0.655,13.1878,24.1523,0.915
207.09,0.722,14.3127,24.6044,0.915
207.09,0.79,15.4035,25.0248,0.915
207.09,0.857,16.4637,25.4169,0.915
207.09,0.924,17.4963,25.7835,0.915
207.09,0.991,18.5037,26.1272,0.915
207.09,1.059,19.488,26.45,0.915
207.09,1.126,20.451,26.7538,0.915
207.09,1.193,21.3942,27.0401,0.915
207.09,1.26,22.3192,27.3102,0.915
207.09,1.328,23.227,27.5654,0.915
207.09,1.395,24.1188,27.8067,0.915
207.09,1.462,24.9955,28.0352,0.915
207.09,1.529,25.858,28.2516,0.915
207.09,1.597,26.707,28.4567,0.915
207.09,1.664,27.5433,28.6512,0.915
207.09,1.731,28.3675,28.8358,0.915
207.09,1.798,29.1801,29.011,0.915
207.09,1.866,29.9818,29.1774,0.915
207.09,1.933,30.7729,29.3353,0.915
207.09,2.0,31.554,29.4854,0.915
211.01,0.05,0.2799,21.3111,0.898
211.01,0.117,1.551,21.8758,0.898
211.01,0.184,2.9982,22.6189,0.898
211.01,0.252,4.4218,23.3408,0.898
211.01,0.319,5.7904,24.01,0.898
211.01,0.386,7.1021,24.6246,0.898
211.01,0.453,8.3614,25.1892,0.898
211.01,0.521,9.5737,25.7092,0.898
211.01,0.588,10.7442,26.1897,0.898
211.01,0.655,11.8773,26.6351,0.898
211.01,0.722,12.9769,27.0493,0.898
211.01,0.79,14.0461,27.4354,0.898
211.01,0.857,15.0878,27.7963,0.898
211.01,0.924,16.1044,28.1343,0.898
211.01,0.991,17.0978,28.4514,0.898
211.01,1.059,18.0698,28.7495,0.898
211.01,1.126,19.0221,29.03,0.898
211.01,1.193,19.9559,29.2944,0.898
211.01,1.26,20.8726,29.5438,0.898
211.01,1.328,21.7731,29.7794,0.898
211.01,1.395,22.6584,30.002,0.898
211.01,1.462,23.5294,30.2125,0.898
211.01,1.529,24.3869,30.4116,0.898
211.01,1.597,25.2316,30.6002,0.898
211.01,1.664,26.0641,30.7788,0.898
211.01,1.731,26.885,30.948,0.898
211.01,1.798,27.6948,31.1083,0.898
211.01,1.866,28.494,31.2602,0.898
211.01,1.933,29.2831,31.4041,0.898
211.01,2.0,30.0625,31.5405,0.898
214.93,0.05,0.1388,25.0799,0.881
214.93,0.117,1.0802,25.3018,0.881
214.93,0.184,2.3135,25.8178,0.881
214.93,0.252,3.5929,26.3825,0.881
214.93,0.319,4.8574,26.9346,0.881
214.93,0.386,6.0901,27.4573,0.881
214.93,0.453,7.2871,27.9468,0.881
214.93,0.521,8.4491,28.4035,0.881
214.93,0.588,9.5779,28.8295,0.881
214.93,0.655,10.676,29.2271,0.881
214.93,0.722,11.7458,29.5987,0.881
214.93,0.79,12.7894,29.9466,0.881
214.93,0.857,13.8089,30.2726,0.881
214.93,0.924,14.806,30.5785,0.881
214.93,0.991,15.7823,30.8661,0.881
214.93,1.059,16.7393,31.1366,0.881
214.93,1.126,17.6782,31.3913,0.881
214.93,1.193,18.6002,31.6314,0.881
214.93,1.26,19.5063,31.8578,0.881
214.93,1.328,20.3974,32.0716,0.881
214.93,1.395,21.2743,32.2734,0.881
214.93,1.462,22.1378,32.4641,0.881
214.93,1.529,22.9886,32.6444,0.881
214.93,1.597,23.8272,32.8147,0.881
214.93,1.664,24.6543,32.9758,0.881
214.93,1.731,25.4704,33.1281,0.881
214.93,1.798,26.2759,33.2721,0.881
214.93,1.866,27.0714,33.4082,0.881
214.93,1.933,27.8572,33.5368,0.881
214.93,2.0,28.6336,33.6583,0.881
218.85,0.05,0.0654,28.9164,0.866
218.85,0.117,0.7385,28.8568,0.866
218.85,0.184,1.7663,29.1543,0.866
218.85,0.252,2.8987,29.5589,0.866
218.85,0.319,4.0536,29.9884,0.866
218.85,0.386,5.2013,30.4132,0.866
218.85,0.453,6.3304,30.8218,0.866
218.85,0.521,7.4367,31.2101,0.866
218.85,0.588,8.5191,31.5768,0.866
218.85,0.655,9.578,31.9224,0.866
218.85,0.722,10.614,32.2476,0.866
218.85,0.79,11.6284,32.5535,0.866
218.85,0.857,12.6224,32.8413,0.866
218.85,0.924,13.5971,33.1123,0.866
218.85,0.991,14.5536,33.3674,0.866
218.85,1.059,15.4929,33.6078,0.866
218.85,1.126,16.4161,33.8343,0.866
218.85,1.193,17.324,34.0479,0.866
218.85,1.26,18.2175,34.2493,0.866
218.85,1.328,19.0972,34.4393,0.866
218.85,1.395,19.9638,34.6186,0.866
218.85,1.462,20.8181,34.7878,0.866
218.85,1.529,21.6605,34.9474,0.866
218.85,1.597,22.4915,35.098,0.866
218.85,1.664,23.3118,35.2401,0.866
218.85,1.731,24.1217,35.3741,0.866
218.85,1.798,24.9217,35.5004,0.866
218.85,1.866,25.7121,35.6194,0.866
218.85,1.933,26.4933,35.7315,0.866
218.85,2.0,27.2657,35.837,0.866
222.77,0.05,0.0293,32.7901,0.85
222.77,0.117,0.4958,32.5108,0.85
222.77,0.184,1.3347,32.6064,0.85
222.77,0.252,2.3225,32.8533,0.85
222.77,0.319,3.3657,33.1582,0.85
222.77,0.386,4.4249,33.4815,0.85
222.77,0.453,5.4821,33.8053,0.85
222.77,0.521,6.5288,34.1211,0.85
222.77,0.588,7.5611,34.4249,0.85
222.77,0.655,8.577,34.7148,0.85
222.77,0.722,9.5761,34.9902,0.85
222.77,0.79,10.5582,35.2512,0.85
222.77,0.857,11.5238,35.4981,0.85
222.77,0.924,12.4734,35.7313,0.85
222.77,0.991,13.4076,35.9516,0.85
222.77,1.059,14.3271,36.1595,0.85
222.77,1.126,15.2324,36.3556,0.85
222.77,1.193,16.1242,36.5407,0.85
222.77,1.26,17.0031,36.7151,0.85
222.77,1.328,17.8696,36.8796,0.85
222.77,1.395,18.7243,37.0347,0.85
222.77,1.462,19.5677,37.1807,0.85
222.77,1.529,20.4002,37.3182,0.85
222.77,1.597,21.2223,37.4476,0.85
222.77,1.664,22.0343,37.5694,0.85
222.77,1.731,22.8367,37.6838,0.85
222.77,1.798,23.6299,37.7912,0.85
222.77,1.866,24.4141,37.892,0.85
222.77,1.933,25.1896,37.9864,0.85
222.77,2.0,25.9568,38.0748,0.85
226.69,0.05,0.0125,36.6832,0.836
226.69,0.117,0.327,36.2388,0.836
226.69,0.184,0.9985,36.1538,0.836
226.69,0.252,1.8483,36.2498,0.836
226.69,0.319,2.7808,36.4309,0.836
226.69,0.386,3.7501,36.6514,0.836
226.69,0.453,4.7331,36.8881,0.836
226.69,0.521,5.7175,37.1287,0.836
226.69,0.588,6.6968,37.3667,0.836
226.69,0.655,7.6671,37.5982,0.836
226.69,0.722,8.6264,37.8212,0.836
226.69,0.79,9.5737,38.0346,0.836
226.69,0.857,10.5086,38.2381,0.836
226.69,0.924,11.4308,38.4314,0.836
226.69,0.991,12.3406,38.6146,0.836
226.69,1.059,13.238,38.788,0.836
226.69,1.126,14.1236,38.9519,0.836
226.69,1.193,14.9974,39.1066,0.836
226.69,1.26,15.8601,39.2524,0.836
226.69,1.328,16.7118,39.3897,0.836
226.69,1.395,17.553,39.519,0.836
226.69,1.462,18.384,39.6404,0.836
226.69,1.529,19.2053,39.7544,0.836
226.69,1.597,20.017,39.8613,0.836
226.69,1.664,20.8196,39.9614,0.836
226.69,1.731,21.6133,40.055,0.836
226.69,1.798,22.3984,40.1424,0.836
226.69,1.866,23.1753,40.2238,0.836
226.69,1.933,23.9441,40.2995,0.836
226.69,2.0,24.7051,40.3697,0.836
230.61,0.05,0.0051,40.5857,0.822
230.61,0.117,0.212,40.0206,0.822
230.61,0.184,0.7397,39.7788,0.822
230.61,0.252,1.4614,39.7335,0.822
230.61,0.319,2.2867,39.7944,0.822
230.61,0.386,3.1666,39.9126,0.822
230.61,0.453,4.0744,40.0612,0.822
230.61,0.521,4.995,40.2252,0.822
230.61,0.588,5.9193,40.3954,0.822
230.61,0.655,6.842,40.5664,0.822
230.61,0.722,7.7595,40.7349,0.822
230.61,0.79,8.67,40.8988,0.822
230.61,0.857,9.572,41.0568,0.822
230.61,0.924,10.465,41.2082,0.822
230.61,0.991,11.3484,41.3526,0.822
230.61,1.059,12.2222,41.4897,0.822
230.61,1.126,13.0862,41.6196,0.822
230.61,1.193,13.9405,41.7423,0.822
230.61,1.26,14.7853,41.858,0.822
230.61,1.328,15.6208,41.9667,0.822
230.61,1.395,16.4471,42.0687,0.822
230.61,1.462,17.2645,42.1642,0.822
230.61,1.529,18.0732,42.2535,0.822
230.61,1.597,18.8734,42.3366,0.822
230.61,1.664,19.6653,42.4139,0.822
230.61,1.731,20.4492,42.4856,0.822
230.61,1.798,21.2253,42.5518,0.822
230.61,1.866,21.9938,42.6128,0.822
230.61,1.933,22.7548,42.6688,0.822
230.61,2.0,23.5087,42.72,0.822
234.53,0.05,0.002,44.4924,0.808
234.53,0.117,0.1352,43.8405,0.808
234.53,0.184,0.5429,43.4656,0.808
234.53,0.252,1.1483,43.291,0.808
234.53,0.319,1.8717,43.2371,0.808
234.53,0.386,2.6644,43.2551,0.808
234.53,0.453,3.4976,43.3162,0.808
234.53,0.521,4.3537,43.4028,0.808
234.53,0.588,5.222,43.5042,0.808
234.53,0.655,6.0956,43.6133,0.808
234.53,0.722,6.9698,43.7258,0.808
234.53,0.79,7.8418,43.8386,0.808
234.53,0.857,8.7095,43.9496,0.808
234.53,0.924,9.5716,44.0575,0.808
234.53,0.991,10.4272,44.1615,0.808
234.53,1.059,11.2757,44.2609,0.808
234.53,1.126,12.1168,44.3553,0.808
234.53,1.193,12.9502,44.4447,0.808
234.53,1.26,13.7759,44.5288,0.808
234.53,1.328,14.5938,44.6076,0.808
234.53,1.395,15.404,44.6812,0.808
234.53,1.462,16.2065,44.7495,0.808
234.53,1.529,17.0015,44.8128,0.808
234.53,1.597,17.789,44.8711,0.808
234.53,1.664,18.5692,44.9246,0.808
234.53,1.731,19.3423,44.9733,0.808
234.53,1.798,20.1083,45.0174,0.808
234.53,1.866,20.8674,45.0571,0.808
234.53,1.933,21.6198,45.0924,0.808
234.53,2.0,22.3656,45.1236,0.808
238.45,0.05,0.0007,48.4011,0.795
238.45,0.117,0.0849,47.6869,0.795
238.45,0.184,0.3949,47.2012,0.795
238.45,0.252,0.8967,46.9101,0.795
238.45,0.319,1.5253,46.7483,0.795
238.45,0.386,2.2342,46.6696,0.795
238.45,0.453,2.9942,46.6446,0.795
238.45,0.521,3.7863,46.6543,0.795
238.45,0.588,4.5983,46.6865,0.795
238.45,0.655,5.422,46.7331,0.795
238.45,0.722,6.252,46.7886,0.795
238.45,0.79,7.0844,46.8491,0.795
238.45,0.857,7.9166,46.9118,0.795
238.45,0.924,8.7465,46.9751,0.795
238.45,0.991,9.573,47.0374,0.795
238.45,1.059,10.3951,47.0978,0.795
238.45,1.126,11.212,47.1556,0.795
238.45,1.193,12.0232,47.2104,0.795
238.45,1.26,12.8286,47.2618,0.795
238.45,1.328,13.6278,47.3095,0.795
238.45,1.395,14.4208,47.3536,0.795
238.45,1.462,15.2074,47.3937,0.795
238.45,1.529,15.9876,47.4301,0.795
238.45,1.597,16.7615,47.4625,0.795
238.45,1.664,17.529,47.4911,0.795
238.45,1.731,18.2903,47.516,0.795
238.45,1.798,19.0453,47.5371,0.795
238.45,1.866,19.7943,47.5545,0.795
238.45,1.933,20.5372,47.5684,0.795
238.45,2.0,21.2741,47.5787,0.795
242.37,0.05,0.0003,52.3105,0.782
242.37,0.117,0.0525,51.5512,0.782
242.37,0.184,0.2847,50.9747,0.782
242.37,0.252,0.6962,50.5802,0.782
242.37,0.319,1.2376,50.3183,0.782
242.37,0.386,1.8674,50.1474,0.782
242.37,0.453,2.5565,50.0387,0.782
242.37,0.521,3.2857,49.9726,0.782
242.37,0.588,4.0417,49.9361,0.782
242.37,0.655,4.8156,49.92,0.782
242.37,0.722,5.6008,49.9179,0.782
242.37,0.79,6.3929,49.9254,0.782
242.37,0.857,7.1886,49.9392,0.782
242.37,0.924,7.9856,49.9568,0.782
242.37,0.991,8.782,49.9764,0.782
242.37,1.059,9.5766,49.9969,0.782
242.37,1.126,10.3683,50.017,0.782
242.37,1.193,11.1564,50.0362,0.782
242.37,1.26,11.9405,50.0539,0.782
242.37,1.328,12.72,50.0697,0.782
242.37,1.395,13.4948,50.0832,0.782
242.37,1.462,14.2645,50.0942,0.782
242.37,1.529,15.0291,50.1027,0.782
242.37,1.597,15.7884,50.1084,0.782
242.37,1.664,16.5424,50.1113,0.782
242.37,1.731,17.291,50.1114,0.782
242.37,1.798,18.0343,50.1087,0.782
242.37,1.866,18.7723,50.1031,0.782
242.37,1.933,19.5049,50.0947,0.782
242.37,2.0,20.2323,50.0835,0.782
246.28,0.05,0.0001,56.2201,0.769
246.28,0.117,0.032,55.4274,0.769
246.28,0.184,0.2035,54.7772,0.769
246.28,0.252,0.5375,54.2921,0.769
246.28,0.319,1.0001,53.9384,0.769
246.28,0.386,1.5558,53.6806,0.769
246.28,0.453,2.1773,53.4913,0.769
246.28,0.521,2.8454,53.3513,0.769
246.28,0.588,3.5464,53.2469,0.769
246.28,0.655,4.2707,53.1684,0.769
246.28,0.722,5.0111,53.1089,0.769
246.28,0.79,5.7626,53.0631,0.769
246.28,0.857,6.5214,53.0273,0.769
246.28,0.924,7.2847,52.9986,0.769
246.28,0.991,8.0504,52.9749,0.769
246.28,1.059,8.8167,52.9546,0.769
246.28,1.126,9.5824,52.9363,0.769
246.28,1.193,10.3466,52.9191,0.769
246.28,1.26,11.1086,52.9023,0.769
246.28,1.328,11.8676,52.8852,0.769
246.28,1.395,12.6233,52.8673,0.769
246.28,1.462,13.3754,52.8485,0.769
246.28,1.529,14.1235,52.8282,0.769
246.28,1.597,14.8675,52.8064,0.769
246.28,1.664,15.6072,52.7829,0.769
246.28,1.731,16.3425,52.7575,0.769
246.28,1.798,17.0732,52.7302,0.769
246.28,1.866,17.7995,52.7009,0.769
246.28,1.933,18.5211,52.6695,0.769
246.28,2.0,19.2382,52.6361,0.769
